1978336,XH000939645IN,India_Post_Registered
1981916,XH000919969IN,India_Post_Registered
1989903,XH000927483IN,India_Post_Registered
1991575,EH383571868IN,India_Post_Registered
1993455,XH000918075IN,India_Post_Registered
1994497,RM021120370IN,India_Post_Registered
2008110,XH000919853IN,India_Post_Registered
2012355,XH000927262IN,India_Post_Registered
2016872,XH000919650IN,India_Post_Registered
2019967,XH000919819IN,India_Post_Registered
2025018,XH000919990IN,India_Post_Registered
2025394,XH000919972IN,India_Post_Registered
2031853,EH383583398IN,India_Post_Registered
2033633,XH000919941IN,India_Post_Registered
2034750,XH000933118IN,India_Post_Registered
2035245,EH383583526IN,India_Post_Registered
2035972,XH000920012IN,India_Post_Registered
2036262,XH000920247IN,India_Post_Registered
2038772,XH000920216IN,India_Post_Registered
2040427,XH000920202IN,India_Post_Registered
2046459,EH383583693IN,India_Post_Registered
2051599,XH000920131IN,India_Post_Registered
2079341,EH383583438IN,India_Post_Registered
2079572,XH000939654IN,India_Post_Registered
2079655,XH000939535IN,India_Post_Registered
2080505,EH383583574IN,India_Post_Registered
2082719,XH000939756IN,India_Post_Registered
2082968,XG010384866IN,India_Post_Registered
2083882,XH000939739IN,India_Post_Registered
2084589,XH000939725IN,India_Post_Registered
2085731,XH000939504IN,India_Post_Registered
2105985,EH383583322IN,India_Post_Registered
2115149,XH000930350IN,India_Post_Registered
2122306,EH383583897IN,India_Post_Registered
2126608,EH383582891IN,India_Post_Registered
2127885,EH383583937IN,India_Post_Registered
2131482,EH383584040IN,India_Post_Registered
2133449,EH383583305IN,India_Post_Registered
2142985,XH000930859IN,India_Post_Registered
2144065,EW216985436IN,India_Post_Registered
2147079,EH383597370IN,India_Post_Registered
2147356,XH000907909IN,India_Post_Registered
2147385,EH383597091IN,India_Post_Registered
2150880,EH383569192IN,India_Post_Registered
2150891,XH000910576IN,India_Post_Registered
2155581,A RK108107907IN,India_Post_Registered
2157589,EM724708518IN,India_Post_Registered
2159138,XH000910593IN,India_Post_Registered
2175921,XH000929820IN,India_Post_Registered
2182192,XH000910647IN,India_Post_Registered
2182627,XH000929864IN,India_Post_Registered
2182670,XH000929793IN,India_Post_Registered
2182725,EH383597587IN,India_Post_Registered
2183064,EH383597573IN,India_Post_Registered
2183591,EM724708504IN,India_Post_Registered
2183842,XH000910559IN,India_Post_Registered
2184577,XH000910681IN,India_Post_Registered
2184601,EH383597595IN,India_Post_Registered
2184699,EH383597437IN,India_Post_Registered
2184844,XH000907872IN,India_Post_Registered
2185658,XH000910488IN,India_Post_Registered
2185841,XH000907991IN,India_Post_Registered
2186381,Ek052865223IN,India_Post_Registered
2186630,XH000910718IN,India_Post_Registered
2186739,EH383597445IN,India_Post_Registered
2187126,XH000910580IN,India_Post_Registered
2188069,EH383597159IN,India_Post_Registered
2188383,EH383597145IN,India_Post_Registered
2188515,XH000907957IN,India_Post_Registered
2188932,XH000910721IN,India_Post_Registered
2189329,XH000907974IN,India_Post_Registered
2189438,EH383579230IN,India_Post_Registered
2189454,XH000910602IN,India_Post_Registered
2189456,EH383578680IN,India_Post_Registered
2189606,XH000910616IN,India_Post_Registered
2189649,XH000910457IN,India_Post_Registered
2189994,XH000930244IN,India_Post_Registered
2190066,XH000930258IN,India_Post_Registered
2190194,XH000910704IN,India_Post_Registered
2190722,XH000941729IN,India_Post_Registered
2190870,EH383563671IN,India_Post_Registered
2191325,EG14299252,India_Post_Registered
2192125,XH000930377IN,India_Post_Registered
2192315,EH383578472IN,India_Post_Registered
2192454,EH383579305IN,India_Post_Registered
2192599,EH383597851IN,India_Post_Registered
2192917,XH000908039IN,India_Post_Registered
2193192,EH383597967IN,India_Post_Registered
2193418,EH383578588IN,India_Post_Registered
2194373,XH000930425IN,India_Post_Registered
2194391,EH383579243IN,India_Post_Registered
2196048,EH383578565IN,India_Post_Registered
2196671,EH383578455IN,India_Post_Registered
2196733,EH383578486IN,India_Post_Registered
2197092,EW216985175IN,India_Post_Registered
2197200,XH000908056IN,India_Post_Registered
2197231,EH383578755IN,India_Post_Registered
2197233,EH383578659IN,India_Post_Registered
2197635,XH000908042IN,India_Post_Registered
2197702,EG723914632IN,India_Post_Registered
2198089,XH000929325IN,India_Post_Registered
2198176,EH383579212IN,India_Post_Registered
2198381,EH383569949IN,India_Post_Registered
2198617,XH000907855IN,India_Post_Registered
2198817,XH000930465IN,India_Post_Registered
2198938,EH383579053IN,India_Post_Registered
2198940,XH000907841IN,India_Post_Registered
2198944,EH383579075IN,India_Post_Registered
2198997,XH000929507IN,India_Post_Registered
2199143,EH383579345IN,India_Post_Registered
2199524,EI362860379IN,India_Post_Registered
2199593,XH000907943IN,India_Post_Registered
2199709,EI362860250IN,India_Post_Registered
2200030,XH000907965IN,India_Post_Registered
2200090,XH000930235IN,India_Post_Registered
2200174,XH000907807IN,India_Post_Registered
2200200,XH000941508IN,India_Post_Registered
2200255,XH000907815IN,India_Post_Registered
2200388,EG516948621IN,India_Post_Registered
2200457,378001979IN,India_Post_Registered
2200501,XH000930451IN,India_Post_Registered
2201037,XH000922852IN,India_Post_Registered
2201220,EH383570173IN,India_Post_Registered
2202878,XH000929475IN,India_Post_Registered
2202879,XH000941627IN,India_Post_Registered
2202965,EH383579552IN,India_Post_Registered
2203463,EM416924154IN,India_Post_Registered
2203491,XH000929215IN,India_Post_Registered
2203670,XH000929365IN,India_Post_Registered
2203690,EH383580309IN,India_Post_Registered
2203949,EH383569952IN,India_Post_Registered
2204241,EH383579481IN,India_Post_Registered
2204856,XH000941746IN,India_Post_Registered
2204858,XH000929229IN,India_Post_Registered
2204897,XH000941485IN,India_Post_Registered
2204962,EH383570023IN,India_Post_Registered
2204981,EH383579861IN,India_Post_Registered
2205082,EH383569935IN,India_Post_Registered
2205515,EH383570010IN,India_Post_Registered
2205646,EH383579901IN,India_Post_Registered
2205727,929855IN,India_Post_Registered
2205867,EH383580051IN,India_Post_Registered
2205881,XH000929847IN,India_Post_Registered
2205940,XH000929759IN,India_Post_Registered
2205941,EH383580082IN,India_Post_Registered
2206730,EH383569728IN,India_Post_Registered
2207132,EH383569881IN,India_Post_Registered
2207180,XH000941595IN,India_Post_Registered
2207320,EH383579583IN,India_Post_Registered
2207445,XH000929569IN,India_Post_Registered
2207477,EH383570045IN,India_Post_Registered
2207815,XH000917883IN,India_Post_Registered
2207958,RO502426885IN,India_Post_Registered
2208226,XH000929541IN,India_Post_Registered
2208275,EH383580119IN,India_Post_Registered
2208863,EH383579597IN,India_Post_Registered
2208997,EH383569780IN,India_Post_Registered
2209289,XH000929665IN,India_Post_Registered
2209517,EH383569745IN,India_Post_Registered
2209524,XH000929555IN,India_Post_Registered
2209675,XH000929590IN,India_Post_Registered
2209708,EH383579795IN,India_Post_Registered
2210100,EH383569793IN,India_Post_Registered
2210573,XH000917778IN,India_Post_Registered
2210829,XH000929303IN,India_Post_Registered
2210972,XH000929317IN,India_Post_Registered
2211001,EH383579478IN,India_Post_Registered
2211084,XH000929745IN,India_Post_Registered
2211586,XH000929285IN,India_Post_Registered
2211694,XH000929802IN,India_Post_Registered
2211703,XH000929294IN,India_Post_Registered
2211799,EH383569759IN,India_Post_Registered
2211994,EH383579464IN,India_Post_Registered
2216671,XH000929657IN,India_Post_Registered
2216922,EH383569776IN,India_Post_Registered
2217184,XH000929572IN,India_Post_Registered
2220509,EH383579433IN,India_Post_Registered
2222458,EH383569762IN,India_Post_Registered
2224653,XH000929780IN,India_Post_Registered
2228164,EH383579827IN,India_Post_Registered
2228389,EH383579606IN,India_Post_Registered
2229178,EH383579447IN,India_Post_Registered
2229495,EH383569802IN,India_Post_Registered
2231884,XH000929643IN,India_Post_Registered
2232381,EH383579977IN,India_Post_Registered
2232464,XH000929776IN,India_Post_Registered
2232665,EH383569586IN,India_Post_Registered
2232778,XH000929674IN,India_Post_Registered
2232802,EH383569657IN,India_Post_Registered
2233224,EH383579455IN,India_Post_Registered
2233456,XH000929609IN,India_Post_Registered
2233783,EH383579875IN,India_Post_Registered
2234020,XH000929728IN,India_Post_Registered
2234045,EH383579932IN,India_Post_Registered
2234062,EH383570292IN,India_Post_Registered
2234292,XH000929612IN,India_Post_Registered
2234385,XH000929705IN,India_Post_Registered
2234532,XH000929833IN,India_Post_Registered
2234790,EH383569334IN,India_Post_Registered
2234808,EH383580048IN,India_Post_Registered
2235004,EH383579963IN,India_Post_Registered
2235177,XH000929630IN,India_Post_Registered
2235224,EH383569538IN,India_Post_Registered
2235263,EH383569351IN,India_Post_Registered
2235385,EH383579929IN,India_Post_Registered
2235488,EH383579889IN,India_Post_Registered
2235727,EH383580105IN,India_Post_Registered
2235852,EH383579800IN,India_Post_Registered
2235884,XH000929731IN,India_Post_Registered
2236276,XH000929691IN,India_Post_Registered
2236467,EH383569524IN,India_Post_Registered
2236807,XH000929626IN,India_Post_Registered
2236869,XH000929816IN,India_Post_Registered
2236877,XH000929586IN,India_Post_Registered
2237024,EH383569626IN,India_Post_Registered
2237113,EH383580207IN,India_Post_Registered
2237193,EH383580065IN,India_Post_Registered
2237339,EH383579835IN,India_Post_Registered
2237398,EH383569630IN,India_Post_Registered
2237662,EH383580374IN,India_Post_Registered
2237674,EH383579950IN,India_Post_Registered
2237689,EH383580445IN,India_Post_Registered
2237737,EH383580079IN,India_Post_Registered
2237770,EH383580140IN,India_Post_Registered
2237865,EH383580238IN,India_Post_Registered
2237904,EH383579946IN,India_Post_Registered
2237944,EH383580198IN,India_Post_Registered
2238046,EH383580286IN,India_Post_Registered
2238114,EH383580153IN,India_Post_Registered
2238224,EH383580215IN,India_Post_Registered
2238281,EH383580175IN,India_Post_Registered
2238319,EH383580365IN,India_Post_Registered
2238357,EH383579985IN,India_Post_Registered
2238415,EH383569643IN,India_Post_Registered
2238719,EH383580428IN,India_Post_Registered
2238750,EH383579813IN,India_Post_Registered
2238857,XH000929714IN,India_Post_Registered
2238875,EH383580255IN,India_Post_Registered
2238883,EH383580184IN,India_Post_Registered
2238928,EH383569467IN,India_Post_Registered
2238972,EH383580096IN,India_Post_Registered
2239058,EH383580357IN,India_Post_Registered
2239135,EH383580480IN,India_Post_Registered
2239361,EH383580330IN,India_Post_Registered
2239454,EH383569572IN,India_Post_Registered
2239478,EH383580326IN,India_Post_Registered
2239537,EH383569475IN,India_Post_Registered
2239649,EH383580224IN,India_Post_Registered
2239716,EG523560660IN,India_Post_Registered
2239803,EH383580462IN,India_Post_Registered
2239890,EH383580272IN,India_Post_Registered
2239915,EH383580459IN,India_Post_Registered
2239947,ER224825745IN,India_Post_Registered
2239969,EH383580476IN,India_Post_Registered
2239992,AEI362846607IN,India_Post_Registered
2240382,EH383580312IN,India_Post_Registered
2240401,EH383569609IN,India_Post_Registered
2240430,EH383580388IN,India_Post_Registered
2240485,EH383580290IN,India_Post_Registered
2240522,EH383580241IN,India_Post_Registered
2240608,EH383580391IN,India_Post_Registered
2240836,EH383569612IN,India_Post_Registered
2240957,EH383569348IN,India_Post_Registered
2241134,EH383569498IN,India_Post_Registered
2241162,EH383580167IN,India_Post_Registered
2241227,EH383580136IN,India_Post_Registered
2241361,EH383580405IN,India_Post_Registered
2241495,EH383580414IN,India_Post_Registered
2241503,EH383569507IN,India_Post_Registered
2241532,EH383569590IN,India_Post_Registered
2241569,EH383580431IN,India_Post_Registered
2241664,EH383569453IN,India_Post_Registered
2241768,EH383569484IN,India_Post_Registered
2243076,EH383579858IN,India_Post_Registered
2243212,EH383579994IN,India_Post_Registered
2243308,EH383580343IN,India_Post_Registered
2243333,EH383569515IN,India_Post_Registered
2243341,EH383580269IN,India_Post_Registered
2243394,EH383579844IN,India_Post_Registered
2247873,EW216986459IN,India_Post_Registered
2260706,EW216986462IN,India_Post_Registered
2267895,EI362847491IN,India_Post_Registered
2269970,Ew216986476IN,India_Post_Registered
